Name,Phone nunber,E-mail id,Time-in,Time-out
Magesh kumar.S,7334049648,mageshks@example.com,9.00A.M,7.30P.M
Jai akaash.M,8489900675,jaiam@example.com,9.00A.M,7.30P.M
Kamalesh kumar.A,8760926151,kamalesha@example.com,9.00A.M,7.30P.M
vijay kumar.T,9894653488,vijaykt@example.com,9.00A.M,7.30P.M
Gokul.D,9942852766,gokuld@example.com,9.00A.M,7.30P.M
Muthu kumar. M,9936599179,muthukm@example.com,9.00A.M,7.30P.M
Devaraj.C,9894886615,devarajc@example.com,9.10A.M,7.30P.M
Simon.X,9942913234,simonx@example.com,9.05.A.M,7.30P.M
Ravi.K,8778296749,ravik@example.com,9.03A.M,7.30P.M
Dayal.B,6831041728,dayalb@example.com,9.15A.M,7.30P.M
